"title";"author";"year";"journal";"doi";"tem_RS";"tem_territorial";"tem_frugal";"tem_marketing";"dominio_periferico";"sugestao_codigo";"justificativa_codigo";"decisao_texto_completo";"razao_exclusao";"papel_no_ensaio";"contribuicao_teorica";"observacao"
"Can frugal go global? Diffusion patterns of frugal innovations";"Hossain, Mokter and Simula, Henri and Halme, Minna";"2016";"TECHNOLOGY IN SOCIETY";"10.1016/j.techsoc.2016.04.005";0;1;1;1;0;"APOIO_PROVAVEL";"territorial + frugalidade";"";"";"";"";""
"Integrating circular economy and frugal innovation for social inclusion: a multi-case study";"Feitosa, Paulo and Oliveira, Maria Clara Chinen and Torres Ximenes, Elvia Florencio and Souza Piao, Roberta";"2026";"SOCIAL RESPONSIBILITY JOURNAL";"10.1108/SRJ-10-2024-0749";0;1;1;1;0;"APOIO_PROVAVEL";"territorial + frugalidade";"";"";"";"";""
"Frugal innovation: a bibliometric analysis of the evolution of a new field of knowledge";"Garcia-Farfan, Paula Elisabeth and Pelaez-Higuera, Johanna";"2025";"TELOS-REVISTA DE ESTUDIOS INTERDISCIPLINARIOS EN CIENCIAS SOCIALES";"10.36390/telos272.16";0;1;1;1;0;"APOIO_PROVAVEL";"territorial + frugalidade";"";"";"";"";""
"Spatial effects of technology market development on energy efficiency: Heterogeneity analysis based on the characteristics of technology market";"Hua, Qian and Liu, Gang and Sun, Di and Zhu, Licai";"2022";"TECHNOLOGICAL FORECASTING AND SOCIAL CHANGE";"10.1016/j.techfore.2022.122008";0;1;1;1;0;"APOIO_PROVAVEL";"territorial + frugalidade";"";"";"";"";""
"Impact of low-carbon energy structure transition on rural revitalization";"Shen, Yifei and Xiao, Zhonghua and Huang, Jingying and Deng, Yong and Yu, Junwei";"2025";"INTERNATIONAL REVIEW OF ECONOMICS \& FINANCE";"10.1016/j.iref.2025.104289";0;1;1;0;0;"APOIO_PROVAVEL";"territorial + frugalidade";"";"";"";"";""
"How can market-oriented environmental regulation improve urban energy efficiency? Evidence from quasi-experiment in China's SO2 trading emissions system";"Cui, Huanyu and Cao, Yuequn";"2023";"ENERGY";"10.1016/j.energy.2023.127660";0;1;1;1;0;"APOIO_PROVAVEL";"territorial + frugalidade";"";"";"";"";""
"Spatial Power Network Expansion Planning Considering Generation Expansion";"Shu, Jun and Wu, Lei and Zhang, Lizi and Han, Bing";"2015";"IEEE TRANSACTIONS ON POWER SYSTEMS";"10.1109/TPWRS.2014.2358237";0;1;1;1;0;"APOIO_PROVAVEL";"territorial + frugalidade";"";"";"";"";""
"Is investing in energy efficiency worth it? Evidence for substantial price premiums but limited profitability in the housing sector";"Copiello, Sergio and Donati, Edda";"2021";"ENERGY AND BUILDINGS";"10.1016/j.enbuild.2021.111371";0;1;1;1;0;"APOIO_PROVAVEL";"territorial + frugalidade";"";"";"";"";""
"Spatial Stochastic Volatility Models: A Bayesian Approach with Spatial Moving Average Process";"Jafna, Fathima and Krishnarani, S. D.";"2026";"NETWORKS \& SPATIAL ECONOMICS";"10.1007/s11067-026-09726-1";0;1;1;1;0;"APOIO_PROVAVEL";"territorial + frugalidade";"";"";"";"";""
"Spatial analysis of state policy effects on renewable energy generation capacity in the United States";"Thomas, Pinky and Collins, Alan R. and Etienne, Xiaoli";"2026";"UTILITIES POLICY";"10.1016/j.jup.2025.102080";0;1;1;1;0;"APOIO_PROVAVEL";"territorial + frugalidade";"";"";"";"";""
"How Does New Quality Productive Forces Affect Green Total Factor Energy Efficiency in China? Consider the Threshold Effect of Artificial Intelligence";"Yuan, Boyu and Gu, Runde and Wang, Peng and Hu, Yuwei";"2025";"SUSTAINABILITY";"10.3390/su17157012";0;1;1;1;0;"APOIO_PROVAVEL";"territorial + frugalidade";"";"";"";"";""
"Spatiotemporal influencing factors of energy efficiency in 43 european countries: A spatial econometric analysis";"Quito, Byron and del Rio-Rama, Maria de la Cruz and Alvarez-Garcia, Jose and Bekun, Festus Victor";"2023";"RENEWABLE \& SUSTAINABLE ENERGY REVIEWS";"10.1016/j.rser.2023.113340";0;1;1;1;0;"APOIO_PROVAVEL";"territorial + frugalidade";"";"";"";"";""
"Mapping Energy Poverty: How Much Impact Do Socioeconomic, Urban and Climatic Variables Have at a Territorial Scale?";"Encinas, Felipe and Truffello, Ricardo and Aguirre-Nunez, Carlos and Puig, Isidro and Vergara-Perucich, Francisco and Freed, Carmen and Rodriguez, Blanca";"2022";"LAND";"10.3390/land11091449";0;1;1;0;0;"APOIO_PROVAVEL";"territorial + frugalidade";"";"";"";"";""
"Data centres in future European energy systems-energy efficiency, integration and policy";"Koronen, Carolina and Ahman, Max and Nilsson, Lars J.";"2020";"ENERGY EFFICIENCY";"10.1007/s12053-019-09833-8";0;1;1;1;0;"APOIO_PROVAVEL";"territorial + frugalidade";"";"";"";"";""
"How policy instruments reproduce energy vulnerability-A qualitative study of Dutch household energy efficiency measures";"Kaufmann, Maria and Veenman, Sietske and Haarbosch, Simone and Jansen, Erik";"2023";"ENERGY RESEARCH \& SOCIAL SCIENCE";"10.1016/j.erss.2023.103206";0;1;1;1;0;"APOIO_PROVAVEL";"territorial + frugalidade";"";"";"";"";""
"Spatiotemporal Downscaling Model for Solar Irradiance Forecast Using Nearest-Neighbor Random Forest and Gaussian Process";"Asiedu, Shadrack T. and Suvedi, Abhilasha and Wang, Zongjie and Rekabdarkolaee, Hossein Moradi and Hansen, Timothy M.";"2025";"ENERGIES";"10.3390/en18102447";0;1;1;1;0;"APOIO_PROVAVEL";"territorial + frugalidade";"";"";"";"";""
"Research on the effects of market integration on carbon emissions";"Liu, Zhao and Zhang, Huan and Zhang, Yue-Jun and Duan, Fang-E and Wei, Lan-Ye";"2021";"MANAGEMENT DECISION";"10.1108/MD-09-2018-1067";0;1;1;1;0;"APOIO_PROVAVEL";"territorial + frugalidade";"";"";"";"";""
"Energy use and carbon reduction potentials from residential ground source heat pumps considering spatial and economic barriers";"Lim, Tae Hwan and De Kleine, Robert D. and Keoleian, Gregory A.";"2016";"ENERGY AND BUILDINGS";"10.1016/j.enbuild.2016.06.060";0;1;1;1;0;"APOIO_PROVAVEL";"territorial + frugalidade";"";"";"";"";""
"A comparative analysis of energy system modeling frameworks";"Gaugl, Robert and Walenta, Kelvin and Wogrin, Sonja";"2025";"ELEKTROTECHNIK UND INFORMATIONSTECHNIK";"10.1007/s00502-025-01345-x";0;1;1;1;0;"APOIO_PROVAVEL";"territorial + frugalidade";"";"";"";"";""
"Transactive Operational Framework for Internet Data Centers in Geo-Distributed Local Energy Markets";"Guo, Caishan and Luo, Fengji and Yang, Jiajia and Cai, Zexiang";"2023";"IEEE TRANSACTIONS ON CLOUD COMPUTING";"10.1109/TCC.2022.3162556";0;1;1;1;0;"APOIO_PROVAVEL";"territorial + frugalidade";"";"";"";"";""
"Location-based data driven model for real estate market value analysis based on energy performance certification - CLIMATE RESILIENT CITIES - ENERGY EFFICIENCY \& RENEWABLES IN THE DIGITAL ERA (CISBAT 2019)";"Moretti, Nicola and Tagliabue, Lavinia Chiara and Dejaco, Mario Claudio and Cecconi, Fulvio Re";"2019";"Journal of Physics Conference Series";"10.1088/1742-6596/1343/1/012052";0;1;1;1;0;"APOIO_PROVAVEL";"territorial + frugalidade";"";"";"";"";""
"Crafting the perfect policy combination: Exploring the synergistic effects of dual-pilot energy policies on urban carbon emission efficiency";"Peng, Benhong and Gao, Fei";"2025";"URBAN CLIMATE";"10.1016/j.uclim.2024.102260";0;1;1;1;0;"APOIO_PROVAVEL";"territorial + frugalidade";"";"";"";"";""
"Jobs, skills and regional implications of the low carbon residential heat transition in the UK";"Calvillo, Christian F. and Katris, Antonios and Zhou, Long and Turner, Karen";"2025";"ENERGY POLICY";"10.1016/j.enpol.2025.114579";0;1;1;1;1;"EXCLUSAO_PROVAVEL";"domínio aplicado periférico ao foco do ensaio";"";"";"";"";""
"RETRACTED: Non-linear research on artificial intelligence empowering green economic efficiency under integrated governance framework";"Song, Zhichun and Deng, Yao";"2025";"FRONTIERS IN ENVIRONMENTAL ECONOMICS";"10.3389/frevc.2024.1502032";0;1;1;1;0;"APOIO_PROVAVEL";"territorial + frugalidade";"";"";"";"";""
"User to Vector: Encoding User Behavior From Co-Occurrence of Observations";"Milani, Alfredo and Biondi, Giulio and Franzoni, Valentina";"2024";"IEEE ACCESS";"10.1109/ACCESS.2024.3485553";0;0;1;1;0;"EXCLUSAO_PROVAVEL";"aderência limitada ao foco central";"";"";"";"";""
"Cost-Effective Social Media Influencer Marketing";"Han, Xiao and Wang, Leye and Fan, Weiguo";"2023";"INFORMS JOURNAL ON COMPUTING";"10.1287/ijoc.2022.1246";0;0;1;1;0;"EXCLUSAO_PROVAVEL";"aderência limitada ao foco central";"";"";"";"";""
"Energetics Systems and artificial intelligence: Applications of industry 4.0";"Ahmad, Tanveer and Zhu, Hongyu and Zhang, Dongdong and Tariq, Rasikh and Bassam, A. and Ullah, Fasee and AlGhamdi, Ahmed S. and Alshamrani, Sultan S.";"2022";"ENERGY REPORTS";"10.1016/j.egyr.2021.11.256";1;0;1;1;0;"APOIO_PROVAVEL";"RS + frugalidade";"";"";"";"";""
"PILGRIM: A location broker and mobility-aware recommendation system - PROCEEDINGS OF THE FIRST IEEE INTERNATIONAL CONFERENCE ON PERVASIVE COMPUTING AND COMMUNICATIONS (PERCOM 2003)";"Brunato, M and Battiti, R";"2003";NA;"10.1109/PERCOM.2003.1192749";1;1;1;0;0;"NUCLEO_PROVAVEL";"RS + territorial + frugalidade";"";"";"";"";""
"Activity Recommendation with Partners";"Tu, Wenting and Cheung, David W. and Mamoulis, Nikos and Yang, Min and Lu, Ziyu";"2018";"ACM TRANSACTIONS ON THE WEB";"10.1145/3121407";1;1;0;0;1;"EXCLUSAO_PROVAVEL";"domínio aplicado periférico ao foco do ensaio";"";"";"";"";""
"GIS-Based Personalized Tourism Recommendation Using Association Rule Mining to Support Sustainable Tourism";"Puttinaovarat, Supattra and Chai-Arayalert, Supaporn and Saetang, Wanida";"2026";"SUSTAINABILITY";"10.3390/su18063145";1;1;1;0;1;"EXCLUSAO_PROVAVEL";"domínio aplicado periférico ao foco do ensaio";"";"";"";"";""
"Trust-aware denoising autoencoder with spatial-temporal activity for cross-domain personalized recommendations";"Ahmed, Adeel and Saleem, Khalid and Khalid, Osman and Gao, Jiechao and Rashid, Umer";"2022";"NEUROCOMPUTING";"10.1016/j.neucom.2022.09.023";1;1;0;1;0;"NUCLEO_PROVAVEL";"RS + territorial + marketing";"";"";"";"";""
"OurPlaces: Cross-Cultural Crowdsourcing Platform for Location Recommendation Services";"Nguyen, Luong Vuong and Jung, Jason J. and Hwang, Myunggwon";"2020";"ISPRS INTERNATIONAL JOURNAL OF GEO-INFORMATION";"10.3390/ijgi9120711";1;1;0;0;1;"EXCLUSAO_PROVAVEL";"domínio aplicado periférico ao foco do ensaio";"";"";"";"";""
"Mitigating Exposure Bias for Recommendations in Physical Spaces: An Unbiased Pairwise Ranking Approach Using Spatial Movement";"He, Jiangning and Wu, Weikun and Zhang, Fan and Li, Zhepeng (Lionel)";"2025";"INFORMATION SYSTEMS RESEARCH";"10.1287/isre.2023.0100";1;1;0;1;0;"NUCLEO_PROVAVEL";"RS + territorial + marketing";"";"";"";"";""
"Combined CNN-LSTM Deep Learning Algorithms for Recognizing Human Physical Activities in Large and Distributed Manners: A Recommendation System";"Ellouze, Ameni and Kadri, Nesrine and Alaerjan, Alaa and Ksantini, Mohamed";"2024";"CMC-COMPUTERS MATERIALS \& CONTINUA";"10.32604/cmc.2024.048061";1;1;0;0;0;"APOIO_PROVAVEL";"RS + territorial";"";"";"";"";""
"Prime video insightful recommender : Unraveling patterns with TF-IDF and cosine similarity";"Ribhika and Srivastava, Shilpee and Geeta";"2025";"JOURNAL OF INFORMATION \& OPTIMIZATION SCIENCES";"10.47974/JIOS-1798";1;1;0;0;0;"APOIO_PROVAVEL";"RS + territorial";"";"";"";"";""
"You Can Lead a Horse to Water: Spatial Learning and Path Dependence in Consumer Search";"Hodgson, Charles and Lewis, Gregory";"2025";"ECONOMETRICA";"10.3982/ECTA19576";1;1;0;1;0;"NUCLEO_PROVAVEL";"RS + territorial + marketing";"";"";"";"";""
"Where Is My Next Friend? Recommending Enjoyable Profiles in Location Based Services - COMPLEX NETWORKS VII";"Guidotti, Riccardo and Berlingerio, Michele";"2016";"Studies in Computational Intelligence";"10.1007/978-3-319-30569-1\_5";1;1;0;0;0;"APOIO_PROVAVEL";"RS + territorial";"";"";"";"";""
"Effective and Efficient Algorithms for Flexible Aggregate Similarity Search in High Dimensional Spaces";"Houle, Michael E. and Ma, Xiguo and Oria, Vincent";"2015";"IEEE TRANSACTIONS ON KNOWLEDGE AND DATA ENGINEERING";"10.1109/TKDE.2015.2475740";1;1;1;0;0;"NUCLEO_PROVAVEL";"RS + territorial + frugalidade";"";"";"";"";""
"Route Optimization via Environment-Aware Deep Network and Reinforcement Learning";"Guo, Pengzhan and Xiao, Keli and Ye, Zeyang and Zhu, Wei";"2021";"ACM TRANSACTIONS ON INTELLIGENT SYSTEMS AND TECHNOLOGY";"10.1145/3461645";1;1;0;1;0;"NUCLEO_PROVAVEL";"RS + territorial + marketing";"";"";"";"";""
"Predictive Data Modeling Using sp-kNN for Risk Factor Evaluation in Urban Demographical Healthcare Data";"Bhatti, Uzair Aslam and Yuan, Linwang and Yu, Zhaoyuan and Nawaz, Saqib Ali and Mehmood, Anum and Bhatti, Mughair Aslam and Zeeshan, Qurat ul Ain and Nizamani, Mir M. and Zeeshan and Xiao, Shengjun";"2021";"JOURNAL OF MEDICAL IMAGING AND HEALTH INFORMATICS";"10.1166/jmihi.2021.3313";0;1;1;0;1;"EXCLUSAO_PROVAVEL";"domínio aplicado periférico ao foco do ensaio";"";"";"";"";""
"A POI group recommendation method in location-based social networks based on user influence";"Sojahrood, Zahra Bahari and Taleai, Mohammad";"2021";"EXPERT SYSTEMS WITH APPLICATIONS";"10.1016/j.eswa.2021.114593";1;1;1;0;0;"NUCLEO_PROVAVEL";"RS + territorial + frugalidade";"";"";"";"";""
"Learner Perceptions of AI-Powered Learning Portfolios and Personalized Material Recommendation Mechanisms in Reinforcement Learning Algorithms";"Tzeng, Jian-Wei and Huang, Tien-Chi and Hsueh, Cheng-Yu and Liao, Ying-Song";"2024";"JOURNAL OF RESEARCH IN EDUCATION SCIENCES";"10.6209/JORIES.202409\_69(3).0003";1;1;0;0;0;"APOIO_PROVAVEL";"RS + territorial";"";"";"";"";""
"Fuzzy logic for renewable energy recommendation and regional consumption forecast using SARIMA and LSTM";"Bonventi Jr, Waldemar and Godoy, Eduardo P.";"2023";"JOURNAL OF RENEWABLE AND SUSTAINABLE ENERGY";"10.1063/5.0127408";1;1;1;1;0;"NUCLEO_PROVAVEL";"RS + territorial + frugalidade + marketing";"";"";"";"";""
"ODNET: A Novel Personalized Origin-Destination Ranking Network for Flight Recommendation - 2022 IEEE 38TH INTERNATIONAL CONFERENCE ON DATA ENGINEERING (ICDE 2022)";"Xu, Jia and Huang, Jin and Chen, Zulong and Li, Yang and Tao, Wanjie and Xu, Chuanfei";"2022";"IEEE International Conference on Data Engineering";"10.1109/ICDE53745.2022.00326";1;1;0;0;0;"APOIO_PROVAVEL";"RS + territorial";"";"";"";"";""
"A Multiplex Hypergraph Attribute-Based Graph Collaborative Filtering for Cold-Start POI Recommendation";"Anjiri, Simon Nandwa and Ding, Derui and Song, Yan and Sun, Ying";"2025";"IEEE TRANSACTIONS ON BIG DATA";"10.1109/TBDATA.2025.3533908";1;1;0;0;0;"APOIO_PROVAVEL";"RS + territorial";"";"";"";"";""
"Embracing LLMs for Point-of-Interest Recommendations";"Wang, Tianxing and Wang, Can";"2024";"IEEE INTELLIGENT SYSTEMS";"10.1109/MIS.2023.3343489";1;1;0;1;0;"NUCLEO_PROVAVEL";"RS + territorial + marketing";"";"";"";"";""
"Leveraging Behavioral Heterogeneity Across Markets for Cross-Market Training of Recommender Systems - WWW'20: COMPANION PROCEEDINGS OF THE WEB CONFERENCE 2020";"Roitero, Kevin and Carterrete, Ben and Mehrotra, Rishabh and Lalmas, Mounia";"2020";NA;"10.1145/3366424.3384362";1;1;0;1;1;"EXCLUSAO_PROVAVEL";"domínio aplicado periférico ao foco do ensaio";"";"";"";"";""
"Examining the importance of spatial aspects of travel routes: A multi-method approach";"Yhee, Yerin and Shin, Seunghun and Lee, Eunji and Kim, Jungkeun";"2023";"INFORMATION PROCESSING \& MANAGEMENT";"10.1016/j.ipm.2023.103281";0;1;1;0;1;"EXCLUSAO_PROVAVEL";"domínio aplicado periférico ao foco do ensaio";"";"";"";"";""
"Multiple stocks recommendation: a spatio-temporal hypergraph learning approach";"Xin, Kong and Chao, Luo and Baozhong, Gao";"2024";"APPLIED INTELLIGENCE";"10.1007/s10489-024-05491-1";1;1;0;1;0;"NUCLEO_PROVAVEL";"RS + territorial + marketing";"";"";"";"";""
"A Pick-Up Points Recommendation System for Ridesourcing Service";"Zhu, Wanqiu and Lu, Jian and Li, Yunxuan and Yang, Yi";"2019";"SUSTAINABILITY";"10.3390/su11041097";1;1;1;1;0;"NUCLEO_PROVAVEL";"RS + territorial + frugalidade + marketing";"";"";"";"";""
"Adapting Session Based Recommendation for Features Through Transfer Learning - 12TH ACM CONFERENCE ON RECOMMENDER SYSTEMS (RECSYS)";"Oldridge, Even";"2018";NA;"10.1145/3240323.3241728";1;1;0;1;0;"NUCLEO_PROVAVEL";"RS + territorial + marketing";"";"";"";"";""
"SSSER: Spatiotemporal Sequential and Social Embedding Rank for Successive Point-of-Interest Recommendation";"Xu, Yangyang and Li, Xuefei and Li, Jing and Wang, Chunzhi and Gao, Rong and Yu, Yonghong";"2019";"IEEE ACCESS";"10.1109/ACCESS.2019.2950061";1;1;0;0;0;"APOIO_PROVAVEL";"RS + territorial";"";"";"";"";""
"Assessing the influence of point-of-interest features on the classification of place categories";"Milias, Vasileios and Psyllidis, Achilleas";"2021";"COMPUTERS ENVIRONMENT AND URBAN SYSTEMS";"10.1016/j.compenvurbsys.2021.101597";1;1;0;0;0;"APOIO_PROVAVEL";"RS + territorial";"";"";"";"";""
"Retentive Decision Transformer with Adaptive Masking for Reinforcement Learning-Based Recommendation Systems";"Wang, Siyu and Chen, Xiaocong and Yao, Lina";"2025";"ACM TRANSACTIONS ON INTELLIGENT SYSTEMS AND TECHNOLOGY";"10.1145/3719208";1;0;1;0;0;"APOIO_PROVAVEL";"RS + frugalidade";"";"";"";"";""
"Topological Data Analysis and Graph-Based Learning for Multimodal Recommendation";"Bachiri, Khalil and Yahyaouy, Ali and Malek, Maria and Rogovschi, Nicoleta";"2025";"IEEE ACCESS";"10.1109/ACCESS.2025.3582480";1;0;1;0;0;"APOIO_PROVAVEL";"RS + frugalidade";"";"";"";"";""
"Weighted AutoEncoding recommender system";"Zhu, Shuying and Shen, Weining and Qu, Annie";"2022";"STATISTICAL ANALYSIS AND DATA MINING";"10.1002/sam.11571";1;0;1;1;0;"APOIO_PROVAVEL";"RS + frugalidade";"";"";"";"";""
"Trust-Aware Hybrid Collaborative Recommendation with Locality-Sensitive Hashing";"Li, Dejuan and Esquivel, James A.";"2025";"TSINGHUA SCIENCE AND TECHNOLOGY";"10.26599/TST.2023.9010096";1;0;1;0;0;"APOIO_PROVAVEL";"RS + frugalidade";"";"";"";"";""
"Sub-clustering based recommendation system for stroke patient: Identification of a specific drug class for a given patient";"Ceskoutse, Ribot Fleury T. and Bomgni, Alain Bertrand and Zanfack, David R. Gnimpieba and Agany, Diing D. M. and Bouetou, Thomas Bouetou and Zohim, Etienne Gnimpieba";"2024";"COMPUTERS IN BIOLOGY AND MEDICINE";"10.1016/j.compbiomed.2024.108117";1;0;1;0;1;"EXCLUSAO_PROVAVEL";"domínio aplicado periférico ao foco do ensaio";"";"";"";"";""
"Sustainable transparency on recommender systems: Bayesian ranking of images for explainability";"Paz-Ruza, Jorge and Alonso-Betanzos, Amparo and Guijarro-Berdinas, Bertha and Cancela, Brais and Eiras-Franco, Carlos";"2024";"INFORMATION FUSION";"10.1016/j.inffus.2024.102497";1;0;1;0;0;"APOIO_PROVAVEL";"RS + frugalidade";"";"";"";"";""
"A collaborative filtering recommendation algorithm based on information theory and bi-clustering";"Jiang, Mingyang and Zhang, Zhifeng and Jiang, Jingqing and Wang, Qinghu and Pei, Zhili";"2019";"NEURAL COMPUTING \& APPLICATIONS";"10.1007/s00521-018-3959-2";1;0;1;0;0;"APOIO_PROVAVEL";"RS + frugalidade";"";"";"";"";""
"HyLL: Hybrid LSTM and Large Language Model-Based Recommendation System for Energy Management and Consumption Optimization in Smart Homes - 2025 6TH INTERNATIONAL CONFERENCE ON OPTIMIZING ELECTRICAL ENERGY CONSUMPTION, OEEC";"Moghanjooghi, Amin Aslanzadeh and Mazloomi, Mahdi and Asgari, Mohammad and Mehrabikia, Mohammad Sadegh";"2025";NA;"10.1109/OEEC66525.2025.11100170";1;0;1;1;1;"EXCLUSAO_PROVAVEL";"domínio aplicado periférico ao foco do ensaio";"";"";"";"";""
"Optimal control of HVAC and window systems for natural ventilation through reinforcement learning";"Chen, Yujiao and Norford, Leslie K. and Samuelson, Holly W. and Malkawi, Ali";"2018";"ENERGY AND BUILDINGS";"10.1016/j.enbuild.2018.03.051";0;0;1;0;0;"EXCLUSAO_PROVAVEL";"aderência limitada ao foco central";"";"";"";"";""
"Static-Graph Estimation in Hybrid GNNs Using Behavioral-Similarity and Clustering-Based Methods";"Otani, Ryusei and Namikoshi, Keiichi and Sakurai, Yuko and Guo, Mingyu and Oyama, Satoshi";"2026";"IEEE ACCESS";"10.1109/ACCESS.2026.3674781";0;0;1;0;0;"EXCLUSAO_PROVAVEL";"aderência limitada ao foco central";"";"";"";"";""
"Smart energy strategies: Leveraging LSTM and LLMs for advanced energy management";"Almeida, Fernando and Castelli, Mauro and Corte-Real, Nadine and Fallarino, Camilla and Manzoni, Luca";"2025";"ENERGY AND AI";"10.1016/j.egyai.2025.100642";1;0;1;0;0;"APOIO_PROVAVEL";"RS + frugalidade";"";"";"";"";""
"Category Preferred Data Field Clustering Based Collaborative Filtering Recommendation Algorithm Research; [èžåˆç±»ç›®åå¥½å’Œæ•°æ®åœºèšç±»çš„ååŒè¿‡æ»¤æŽ¨èç®—æ³•ç ”ç©¶]";"Xin, Ma and Fang, Wang";"2023";"Journal of Modern Information";"10.3969/j.issn.1008-0821.2023.01.002";1;0;1;0;0;"APOIO_PROVAVEL";"RS + frugalidade";"";"";"";"";""
"Efficient processing of k-quasi skyline query";"Lin, Zheng-Kui and Huang, Zhen-Hua and Xiang, Yang";"2012";"Xitong Gongcheng Lilun yu Shijian/System Engineering Theory and Practice";NA;1;0;1;0;0;"APOIO_PROVAVEL";"RS + frugalidade";"";"";"";"";""
"Using Bayesian Methods to Predict Users' Information Needs in a Digital Library";"Bekkamov, Fayzi and Babajanov, Mumin and Berdimurodov, Mansur";"2025";"Environment Technology Resources - Proceedings of the 16th International Scientific and Practical Conference";"10.17770/etr2025vol2.8586";1;0;1;0;1;"EXCLUSAO_PROVAVEL";"domínio aplicado periférico ao foco do ensaio";"";"";"";"";""
"Alternating least squares for personalized ranking";"Tak<c3><a1>cs, G<c3><a1>bor and Tikk, Domonkos";"2012";"RecSys'12 - Proceedings of the 6th ACM Conference on Recommender Systems";"10.1145/2365952.2365972";1;0;1;0;1;"EXCLUSAO_PROVAVEL";"domínio aplicado periférico ao foco do ensaio";"";"";"";"";""
"An Intelligent Mood-Based Activity Recommender Using SpeechÂ Recognition";"Kasaudhan, Saumya and Srivastava, Saksham and Sharma, Sakshi and Dev, Deepali";"2026";"Lecture Notes in Networks and Systems";"10.1007/978-981-96-7760-3_10";1;0;1;0;0;"APOIO_PROVAVEL";"RS + frugalidade";"";"";"";"";""
"Rating, Similarity - User-Item Based Collaborative Filtering";"Laglil, Oussama and Benayad, Mariam and El Yazidi, Moulay Hafid and Zellou, Ahmed";"2024";"5th International Conference on Electrical, Communication and Computer Engineering, ICECCE 2024";"10.1109/ICECCE63537.2024.10823538";1;0;1;0;0;"APOIO_PROVAVEL";"RS + frugalidade";"";"";"";"";""
"An intelligent approach for recommending crops employing Naive Bayes algorithm and conducting a comparative assessment with KNN";"Sai, V. Tejo and Rani, A. Jaya Mabel";"2026";"AIP Conference Proceedings";"10.1063/5.0298506";1;0;1;0;1;"EXCLUSAO_PROVAVEL";"domínio aplicado periférico ao foco do ensaio";"";"";"";"";""
"The emergence of explainability of intelligent systems: Delivering explainable and personalized recommendations for energy efficiency";"Sardianos, Christos and Varlamis, Iraklis and Chronis, Christos and Dimitrakopoulos, George and Alsalemi, Abdullah and Himeur, Yassine and Bensaali, Faycal and Amira, Abbes";"2021";"International Journal of Intelligent Systems";"10.1002/int.22314";1;0;1;0;0;"APOIO_PROVAVEL";"RS + frugalidade";"";"";"";"";""
"Sustainable Techniques toÂ Improve Data Quality forÂ Training Image-Based Explanatory Models forÂ Recommender Systems";"Paz-Ruza, Jorge and Esteban-Mart<c3><ad>nez, David and Alonso-Betanzos, Amparo and Guijarro-Berdi<c3><b1>as, Bertha";"2026";"Lecture Notes in Computer Science";"10.1007/978-3-032-04549-2_19";1;0;1;1;1;"EXCLUSAO_PROVAVEL";"domínio aplicado periférico ao foco do ensaio";"";"";"";"";""
"Recommendation System Evaluation with Various Similarity Metrics";"Dhawan, Sanjeev and Singh, Kulvinder and Yadav, Manoj";"2024";"2024 1st International Conference on Advanced Computing and Emerging Technologies, ACET 2024";"10.1109/ACET61898.2024.10730088";1;0;1;1;1;"EXCLUSAO_PROVAVEL";"domínio aplicado periférico ao foco do ensaio";"";"";"";"";""
"MASRank: Multi-Agent Collaborative Large Language Models for Zero-Shot Ranking in Recommender Systems : Advancing Beyond Single-Agent Limitations through Specialized Collaboration";"Ma, Bo and Li, Hang and Hu, Zehua and Liu, Yuhao and Liu, Luyao and Gui, Xiaofan and Lau, Simon";"2025";"2025 6th International Conference on Intelligent Computing and Human-Computer Interaction, ICHCI 2025";"10.1109/ICHCI67614.2025.11291733";1;0;1;0;0;"APOIO_PROVAVEL";"RS + frugalidade";"";"";"";"";""
"How can we use artificial intelligence for stock recommendation and risk management? A proposed decision support system";"Michaela Denise Gonzales, Reyes and Hargreaves, Carol Anne";"2022";"International Journal of Information Management Data Insights";"10.1016/j.jjimei.2022.100130";1;0;1;1;0;"APOIO_PROVAVEL";"RS + frugalidade";"";"";"";"";""
"Analysis of Movie Intelligent Recommendation Algorithm based on MovieLens Platform";"Han, Yan";"2025";"3rd International Conference on Data Science and Information System, ICDSIS 2025";"10.1109/ICDSIS65355.2025.11070401";1;0;1;0;0;"APOIO_PROVAVEL";"RS + frugalidade";"";"";"";"";""
"Bere: A Novel Video Recommender System for Virtual Reality Using Human Behavioral Signals";"Zhu, Huadi and Wang, Chaowei and Darmanola, Venkateshwar Reddy and Guo, Hongbo and Jin, Wenqiang and Li, Ming";"2024";"ACM MobiCom 2024 - Proceedings of the 30th International Conference on Mobile Computing and Networking";"10.1145/3636534.3690660";1;0;1;0;0;"APOIO_PROVAVEL";"RS + frugalidade";"";"";"";"";""
"Enterprise online product recommendation service model based on big data environment";"Liu, Weiwei";"2016";"Chemical Engineering Transactions";"10.3303/CET1651128";1;0;1;0;0;"APOIO_PROVAVEL";"RS + frugalidade";"";"";"";"";""
"Deep learning approach to obtain collaborative filtering neighborhoods";"Bobadilla, Jes<c3><ba>s and Gonz<c3><a1>lez-Prieto, <c3><81>ngel and Ortega, Fernando and Lara-Cabrera, Ra<c3><ba>l";"2022";"Neural Computing and Applications";"10.1007/s00521-021-06493-7";1;0;1;0;0;"APOIO_PROVAVEL";"RS + frugalidade";"";"";"";"";""
"An Enhanced Recommendation System using proposed Efficient K Means User-based Clustering Algorithm";"Kaushik, Shaivya";"2018";"Proceedings - IEEE 2018 International Conference on Advances in Computing, Communication Control and Networking, ICACCCN 2018";"10.1109/ICACCCN.2018.8748693";1;0;1;0;0;"APOIO_PROVAVEL";"RS + frugalidade";"";"";"";"";""
"Hybrid Movie Recommendation System With User Partitioning and Log Likelihood Content Comparison";"Yang, Yongmao and Woradit, Kampol and Cosh, Kenneth";"2025";"IEEE Access";"10.1109/ACCESS.2025.3529515";1;0;1;0;1;"EXCLUSAO_PROVAVEL";"domínio aplicado periférico ao foco do ensaio";"";"";"";"";""
"A Doctor Recommendation Framework for Online Medical Platforms Using Multi-Source Heterogeneous Data";"Che, Mingxuan and Zhao, Lasheng and Jin, Bo";"2021";"ACM International Conference Proceeding Series";"10.1145/3467707.3467757";1;0;1;0;0;"APOIO_PROVAVEL";"RS + frugalidade";"";"";"";"";""
"ANNA: Specialized Architecture for Approximate Nearest Neighbor Search";"Lee, Yejin and Choi, Hyunji and Min, Sunhong and Lee, Hyunseung and Beak, Sangwon and Jeong, Dawoon and Lee, Jae W. and Ham, Tae Jun";"2022";"Proceedings - International Symposium on High-Performance Computer Architecture";"10.1109/HPCA53966.2022.00021";1;0;1;0;0;"APOIO_PROVAVEL";"RS + frugalidade";"";"";"";"";""
"A hybrid recommender algorithm based on an improved similarity method";"Song, Rui Ping and Wang, Bo and Huang, Guo Ming and Liu, Qi Dong and Hu, Rong Jing and Zhang, Rui Sheng";"2014";"Applied Mechanics and Materials";"10.4028/www.scientific.net/AMM.475-476.978";1;0;1;0;0;"APOIO_PROVAVEL";"RS + frugalidade";"";"";"";"";""
"Saving energy in 1-D: Tailoring energy-saving advice using a Rasch-based energy recommender system";"Starke, Alain and Willemsen, Martijn C. and Snijders, Chris";"2015";"CEUR Workshop Proceedings";NA;1;0;1;1;0;"APOIO_PROVAVEL";"RS + frugalidade";"";"";"";"";""
"Feature-based POI grouping with transformer for next point of interest recommendation";"He, Yuhang and Zhou, Wei and Luo, Fengji and Gao, Min and Wen, Junhao";"2023";"Applied Soft Computing";"10.1016/j.asoc.2023.110754";1;1;1;0;0;"NUCLEO_PROVAVEL";"RS + territorial + frugalidade";"";"";"";"";""
"Optimizing Recommendation Systems By Fusion of KNN, Singular Value Decomposition, and XGBoost for Enhanced Performance";"Mohammed, Mohammed Basim Mohammed and Arican, Erkut";"2024";"UBMK 2024 - Proceedings: 9th International Conference on Computer Science and Engineering";"10.1109/UBMK63289.2024.10773499";1;0;1;0;0;"APOIO_PROVAVEL";"RS + frugalidade";"";"";"";"";""
"Poster abstract: A data-driven demand response recommender system";"Behl, Madhur and Mangharam, Rahul";"2015";"BuildSys 2015 - Proceedings of the 2nd ACM International Conference on Embedded Systems for Energy-Efficient Built";"10.1145/2821650.2830304";1;0;1;0;0;"APOIO_PROVAVEL";"RS + frugalidade";"";"";"";"";""
"A modular recommender system for domestic energy efficiency";"Alsalemi, Abdullah and Amira, Abbes and Malekmohamadi, Hossein and Diao, Kegong";"2023";"Environmental Challenges";"10.1016/j.envc.2023.100741";1;0;1;0;0;"APOIO_PROVAVEL";"RS + frugalidade";"";"";"";"";""
"CourseLRec: Leveraging Large Language Models for Personalized Course Recommendations";"Cao, Zelin and Yi, Baolin and Shen, Xiaoxuan and Zhang, Huanyu and Li, Pengcheng and Liu, Jianfang and Wang, Wei";"2025";"Proceedings of the International Joint Conference on Neural Networks";"10.1109/IJCNN64981.2025.11228365";1;0;1;0;1;"EXCLUSAO_PROVAVEL";"domínio aplicado periférico ao foco do ensaio";"";"";"";"";""
"Dynamic User Preferences Optimization in Time-aware Recommendations";"Ebrahimi, Ainaz and Zhang, Zheying and Stefanidis, Kostas";"2025";"CEUR Workshop Proceedings";NA;1;0;1;1;0;"APOIO_PROVAVEL";"RS + frugalidade";"";"";"";"";""
"Population-Level Analysis of Personalized Food Recommendation Using Reinforcement Learning";"Tellechea, Yone and Arrojo, Markel and Cejudo, Ander and Martin, Cristina";"2025";"Foods";"10.3390/foods14213770";1;1;1;1;1;"EXCLUSAO_PROVAVEL";"domínio aplicado periférico ao foco do ensaio";"";"";"";"";""
"Spatial Intelligence in E-Commerce: Integrating Mobile Agents with GISs for a Dynamic Recommendation System";"Shili, Mohamed and Hammedi, Salah and Elkhodr, Mahmoud";"2025";"Algorithms";"10.3390/a18010028";1;1;1;1;0;"NUCLEO_PROVAVEL";"RS + territorial + frugalidade + marketing";"";"";"";"";""
"Predicting product purchase from inferred customer similarity: An autologistic model approach";"Moon, Sangkil and Russell, Gary J.";"2008";"Management Science";"10.1287/mnsc.1070.0760";1;1;0;1;0;"NUCLEO_PROVAVEL";"RS + territorial + marketing";"";"";"";"";""
"Design of a Individualized Marketing Strategy Integrating User Behavior Analysis and Profile Modeling";"Hu, Jingqian and Chen, Qian";"2024";"Proceedings of 2024 8th Asian Conference on Artificial Intelligence Technology, ACAIT 2024";"10.1109/ACAIT63902.2024.11021853";1;1;0;1;0;"NUCLEO_PROVAVEL";"RS + territorial + marketing";"";"";"";"";""
"Discover points of interest based on users' internet searches through an online shopping website";"Shahriari Mehr, G. and Delavar, M.R. and Claramunt, C. and Araabi, B.N. and Dehaqani, M.R.A.";"2019";"International Archives of the Photogrammetry, Remote Sensing and Spatial Information Sciences - ISPRS Archives";"10.5194/isprs-archives-XLII-4-W18-975-2019";1;1;0;1;0;"NUCLEO_PROVAVEL";"RS + territorial + marketing";"";"";"";"";""
"A spatial insight for UGC Apps: Fast similarity search on keyword-induced point groups";"Li, Zhe and Li, Yu and Yiu, Man Lung";"2019";"Proceedings - IEEE International Conference on Mobile Data Management";"10.1109/MDM.2019.00-26";1;1;1;1;0;"NUCLEO_PROVAVEL";"RS + territorial + frugalidade + marketing";"";"";"";"";""
"Session-Based Recommender system for sustainable digital marketing";"Hwangbo, Hyunwoo and Kim, Yangsok";"2019";"Sustainability (Switzerland)";"10.3390/SU11123336";1;0;1;1;1;"EXCLUSAO_PROVAVEL";"domínio aplicado periférico ao foco do ensaio";"";"";"";"";""
"Ads and the city: Considering geographic distance goes a long way";"Saez-Trumper, Diego and Quercia, Daniele and Crowcroft, Jon";"2012";"RecSys'12 - Proceedings of the 6th ACM Conference on Recommender Systems";"10.1145/2365952.2365988";1;1;0;0;0;"APOIO_PROVAVEL";"RS + territorial";"";"";"";"";""
"Hybrid recommendation system for movies using artificial neural network";"Sharma, Saurabh and Kumar Shakya, Harish";"2024";"Expert Systems with Applications";"10.1016/j.eswa.2024.125194";1;1;0;0;1;"EXCLUSAO_PROVAVEL";"domínio aplicado periférico ao foco do ensaio";"";"";"";"";""
"Internet-Enabled Agricultural Technology Service Cloud Platform Construction and Spatiotemporal Recommendation Algorithm Research";"Li, Weiguang and Li, Qiang";"2025";"Proceedings - 2025 International Conference on Computers, Information Processing and Advanced Education, CIPAE 2025";"10.1109/CIPAE66821.2025.00068";1;1;1;1;1;"EXCLUSAO_PROVAVEL";"domínio aplicado periférico ao foco do ensaio";"";"";"";"";""
"Tourism recommender system based on cognitive similarity between cross-cultural users";"Nguyen, Luong Vuong and Nguyen, Tri-Hai and Jung, Jason J.";"2021";"Intelligent Environments 2021: Workshop Proceedings of the 17th International Conference on Intelligent Environments";"10.3233/AISE210101";1;1;0;0;1;"EXCLUSAO_PROVAVEL";"domínio aplicado periférico ao foco do ensaio";"";"";"";"";""
"Semantic enhancement and linking of geo-spatial and non-spatial content in geoportals; [Semantische erweiterung und vernetzung von rÃ¤umlichen und nicht rÃ¤umlichen inhalten in geoportalen]";"Vockner, Bernhard and Mittlb<c3><b6>ck, Manfred";"2015";"gis.Science - Die Zeitschrift fur Geoinformatik";NA;1;1;1;0;0;"NUCLEO_PROVAVEL";"RS + territorial + frugalidade";"";"";"";"";""
"Collaborative Recommendations using Hierarchical Clustering based on K-d Trees and Quadtrees";"Das, Joydeep and Majumder, Subhashis and Gupta, Prosenjit and Mali, Kalyani";"2019";"International Journal of Uncertainty, Fuzziness and Knowldege-Based Systems";"10.1142/S0218488519500284";1;1;1;0;0;"NUCLEO_PROVAVEL";"RS + territorial + frugalidade";"";"";"";"";""
"Exploring Spatial and Mobility Pattern's Effects for Collaborative Point-of-Interest Recommendation";"Jiao, Xu and Xiao, Yingyuan and Zheng, Wenguang and Xu, Lei and Wu, Hui";"2019";"IEEE Access";"10.1109/ACCESS.2019.2950927";1;1;0;0;0;"APOIO_PROVAVEL";"RS + territorial";"";"";"";"";""
"Approach to network services recommendation based on mobile users' location";"Liu, Shu-Dong and Meng, Xiang-Wu";"2014";"Ruan Jian Xue Bao/Journal of Software";"10.13328/j.cnki.jos.004561";1;1;0;0;0;"APOIO_PROVAVEL";"RS + territorial";"";"";"";"";""
"Brain Topography Adaptive Network for Satisfaction Modeling in Interactive Information Access System";"Ye, Ziyi and Xie, Xiaohui and Liu, Yiqun and Wang, Zhihong and Chen, Xuesong and Zhang, Min and Ma, Shaoping";"2022";"MM 2022 - Proceedings of the 30th ACM International Conference on Multimedia";"10.1145/3503161.3548258";1;1;0;0;0;"APOIO_PROVAVEL";"RS + territorial";"";"";"";"";""
"Location-Aware Real-Time Recommender Systems for Brick-and-Mortar Retailers";"Zeng, Daniel and Liu, Yong and Yan, Ping and Yang, Yanwu";"2021";"INFORMS Journal on Computing";"10.1287/ijoc.2020.1020";1;1;0;1;0;"NUCLEO_PROVAVEL";"RS + territorial + marketing";"";"";"";"";""
"A Travel Route Recommendation System Based on Route Clustering Algorithm Considering Spatial Similarity of Routes";"Wang, Tianyu and Yamaguchi, Shingo";"2023";"2023 11th International Conference on Information and Education Technology, ICIET 2023";"10.1109/ICIET56899.2023.10111109";1;1;0;0;0;"APOIO_PROVAVEL";"RS + territorial";"";"";"";"";""
"Personalized location recommendation by fusing sentimental and spatial context";"Zhao, Guoshuai and Lou, Peiliang and Qian, Xueming and Hou, Xingsong";"2020";"Knowledge-Based Systems";"10.1016/j.knosys.2020.105849";1;1;0;0;0;"APOIO_PROVAVEL";"RS + territorial";"";"";"";"";""
"An adaptive POI recommendation algorithm by integrating user's temporal and spatial features in LBSNs";"Li, Miao and Zheng, Wenguang and Xiao, Yingyuan and Jiao, Xu";"2020";"ACM International Conference Proceeding Series";"10.1145/3414274.3414494";1;1;0;0;0;"APOIO_PROVAVEL";"RS + territorial";"";"";"";"";""
"An ontology-based web decision support system to find entertainment points of interest in an urban area";"Vahidnia, Mohammad H. and Minaei, Mojde and Behzadi, Saeed";"2024";"Geo-Spatial Information Science";"10.1080/10095020.2022.2161954";1;1;1;1;1;"EXCLUSAO_PROVAVEL";"domínio aplicado periférico ao foco do ensaio";"";"";"";"";""
"Toward a recommendation system for image similarity metrics";"Bajcsy, Peter and Chalfoun, Joe and Brady, Mary";"2012";"Proceedings of the IASTED International Symposia on Imaging and Signal Processing in Health Care and Technology, ISPHT 2012";"10.2316/P.2012.771-014";1;1;0;0;0;"APOIO_PROVAVEL";"RS + territorial";"";"";"";"";""
"Spark-based Distance Weighted Recommendation System Research";"Peng, Lu and Maalla, Allam";"2021";"IEEE Advanced Information Technology, Electronic and Automation Control Conference (IAEAC)";"10.1109/IAEAC50856.2021.9390947";1;1;1;0;0;"NUCLEO_PROVAVEL";"RS + territorial + frugalidade";"";"";"";"";""
"Intelligent Recommender System for Spatial Analysis";"Belyakov, Stanislav and Bozhenyuk, Alexander and Dolgiy, Igor and Knyazeva, Margarita";"2023";"Lecture Notes in Networks and Systems";"10.1007/978-3-031-19620-1_9";1;1;1;0;0;"NUCLEO_PROVAVEL";"RS + territorial + frugalidade";"";"";"";"";""
"Social recommendations for location-based services";"Emrich, Andreas and Chapko, Alexandra and Werth, Dirk and Loos, Peter";"2012";"Proceedings - 2012 IEEE/WIC/ACM International Conference on Web Intelligence, WI 2012";"10.1109/WI-IAT.2012.238";1;1;0;0;0;"APOIO_PROVAVEL";"RS + territorial";"";"";"";"";""
"Travel attractions recommendation with travel spatial-temporal knowledge graphs";"Zhang, Weitao and Gu, Tianlong and Sun, Wenping and Phatpicha, Yochum and Chang, Liang and Bin, Chenzhong";"2018";"Communications in Computer and Information Science";"10.1007/978-981-13-2206-8_19";1;1;1;0;1;"EXCLUSAO_PROVAVEL";"domínio aplicado periférico ao foco do ensaio";"";"";"";"";""
"Exploiting Sequential Mobility for Recommending new Locations on Geo-Tagged Social Media";"Comito, Carmela";"2020";"Proceedings - International Conference on Tools with Artificial Intelligence, ICTAI";"10.1109/ICTAI50040.2020.00037";1;1;0;0;0;"APOIO_PROVAVEL";"RS + territorial";"";"";"";"";""
"Recommending hotels by social conditions of locations";"Arefin, Mohammad Shamsul and Chang, Zhichao and Morimoto, Yasuhiko";"2015";"Intelligent Systems Reference Library";"10.1007/978-3-662-47227-9_7";1;1;1;0;1;"EXCLUSAO_PROVAVEL";"domínio aplicado periférico ao foco do ensaio";"";"";"";"";""
"GeoCo: Geographical Correlation Enhanced Network for POI Recommendation";"Pan, Xuan and Cai, Xiangrui and Xu, Sihan and Zhang, Ying and Nie, Peng and Yuan, Xiaojie";"2024";"IEEE Transactions on Knowledge and Data Engineering";"10.1109/TKDE.2024.3425151";1;1;0;0;0;"APOIO_PROVAVEL";"RS + territorial";"";"";"";"";""
"An empirical recommendation framework to support location-based services";"Roy, Animesh Chandra and Arefin, Mohammad Shamsul and Kayes, A.S.M. and Hammoudeh, Mohammad and Ahmed, Khandakar";"2020";"Future Internet";"10.3390/FI12090154";1;1;1;0;0;"NUCLEO_PROVAVEL";"RS + territorial + frugalidade";"";"";"";"";""
"A modular cluster based collaborative recommender system for cardiac patients";"Mustaqeem, Anam and Anwar, Syed Muhammad and Majid, Muhammad";"2020";"Artificial Intelligence in Medicine";"10.1016/j.artmed.2019.101761";1;1;1;0;1;"EXCLUSAO_PROVAVEL";"domínio aplicado periférico ao foco do ensaio";"";"";"";"";""
"Perceived individual fairness with a molecular representation for medicine recommendations";"Liu, Haifeng and Lin, Hongfei and Xu, Bo and Zhao, Nan and Wen, Dongzhen and Zhang, Xiaokun and Lin, Yuan";"2022";"Knowledge-Based Systems";"10.1016/j.knosys.2022.108755";1;1;0;0;1;"EXCLUSAO_PROVAVEL";"domínio aplicado periférico ao foco do ensaio";"";"";"";"";""
"Location-based distance measures for geosocial similarity";"Kanza, Yaron and Kravi, Elad and Safra, Eliyahu and Sagiv, Yehoshua";"2017";"ACM Transactions on the Web";"10.1145/3054951";1;1;1;0;0;"NUCLEO_PROVAVEL";"RS + territorial + frugalidade";"";"";"";"";""
"Recommending friends and locations based on individual location history";"Zheng, Yu and Zhang, Lizhu and Ma, Zhengxin and Xie, Xing and Ma, Wei-Ying";"2011";"ACM Transactions on the Web";"10.1145/1921591.1921596";1;1;0;0;0;"APOIO_PROVAVEL";"RS + territorial";"";"";"";"";""
"A novel next new point-of-interest recommendation system based on simulated user travel decision-making process";"Jiao, Xu and Xiao, Yingyuan and Zheng, Wenguang and Wang, Hongya and Hsu, Ching-Hsien";"2019";"Future Generation Computer Systems";"10.1016/j.future.2019.05.065";1;1;0;0;0;"APOIO_PROVAVEL";"RS + territorial";"";"";"";"";""
"Data Mining based Geospatial Clustering for Suitable Recommendation system";"Suchithra, M. and Pai, Maya L.";"2020";"Proceedings of the 5th International Conference on Inventive Computation Technologies, ICICT 2020";"10.1109/ICICT48043.2020.9112562";1;1;0;0;1;"EXCLUSAO_PROVAVEL";"domínio aplicado periférico ao foco do ensaio";"";"";"";"";""
"A thematic approach to user similarity built on geosocial check-ins";"McKenzie, Grant and Janowicz, Krzysztof and Adams, Benjamin";"2013";"Lecture Notes in Geoinformation and Cartography";"10.1007/978-3-319-00615-4_3";1;1;0;0;0;"APOIO_PROVAVEL";"RS + territorial";"";"";"";"";""
"GeoHostel: Location-based recommendation of hostels in the context of higher education through geospatial technology";"Asabere, Nana Yaw and Lawson, Gare and Quartey-Papafio, Bernice and Kuuboore, Marcellinus and Duodu, Nana Yaw";"2025";"African Journal of Science, Technology, Innovation and Development";"10.1080/20421338.2025.2585128";1;1;1;0;1;"EXCLUSAO_PROVAVEL";"domínio aplicado periférico ao foco do ensaio";"";"";"";"";""
"QUANTUM-ENHANCED HYBRID XAI-LSTM FRAMEWORK FOR TELUGU RESTAURANT ANALYTICS AND RECOMMENDATION SYSTEMS";"BOPPANA, Venugopal and PRASAD, Sandhya";"2025";"Journal of Theoretical and Applied Information Technology";NA;1;1;0;0;1;"EXCLUSAO_PROVAVEL";"domínio aplicado periférico ao foco do ensaio";"";"";"";"";""
"Handling uncertainty in social media textual information for improving venue recommendation formulation quality in social networks";"Margaris, Dionisis and Vassilakis, Costas and Spiliotopoulos, Dimitris";"2019";"Social Network Analysis and Mining";"10.1007/s13278-019-0610-x";1;1;0;0;0;"APOIO_PROVAVEL";"RS + territorial";"";"";"";"";""
"An Empirical Framework for Recommendation-based Location Services Using Deep Learning";"Rohilla, Vinita and Chakraborty, Sudeshna and Kaur, Mandeep";"2022";"Engineering, Technology and Applied Science Research";"10.48084/etasr.5126";1;1;0;1;0;"NUCLEO_PROVAVEL";"RS + territorial + marketing";"";"";"";"";""
"A spatial-temporal probabilistic matrix factorization model for point-of-interest recommendation";"Li, Huayu and Hong, Richang and Wu, Zhiang and Ge, Yong";"2016";"16th SIAM International Conference on Data Mining 2016, SDM 2016";"10.1137/1.9781611974348.14";1;1;0;1;0;"NUCLEO_PROVAVEL";"RS + territorial + marketing";"";"";"";"";""
"A spatio-temporal recommender system for on-demand cinemas";"Xue, Taofeng and Jin, Beihong and Li, Beibei and Wang, Weiqing and Zhang, Qi and Tian, Sihua";"2019";"International Conference on Information and Knowledge Management, Proceedings";"10.1145/3357384.3357888";1;1;0;1;1;"EXCLUSAO_PROVAVEL";"domínio aplicado periférico ao foco do ensaio";"";"";"";"";""
"Potential Friend Recommendation Algorithm for Obtaining Spatial Information";"Yu, Fei and Li, Zhi-Jun and Che, Nan and Jiang, Shou-Xu";"2017";"Ruan Jian Xue Bao/Journal of Software";"10.13328/j.cnki.jos.005118";1;1;0;0;0;"APOIO_PROVAVEL";"RS + territorial";"";"";"";"";""
"Integration of multiple decision-making methods with GIS for nuclear power plants siting in Bangka Belitung, Indonesia";"Shafii, Mohammad Ali and Fitriyani, Dian and Muldarisnur, Mulda and Nugraha, Reza and Chairulloh, Agil and Abdullah, Ade Gafar and Nur'aini Mahmudah, Rida Siti";"2025";"Ain Shams Engineering Journal";"10.1016/j.asej.2025.103487";1;1;1;1;0;"NUCLEO_PROVAVEL";"RS + territorial + frugalidade + marketing";"";"";"";"";""
"An improved slope one recommendation algorithm based on user preferences";"Cao, Langcai and Deng, Mengzhi and Zhu, Jinrong and Pan, Yinghui";"2018";"2018 IEEE International Conference on Information and Automation, ICIA 2018";"10.1109/ICInfA.2018.8812506";1;1;0;0;0;"APOIO_PROVAVEL";"RS + territorial";"";"";"";"";""
"Exploiting the roles of aspects in personalized POI recommender systems";"Baral, Ramesh and Li, Tao";"2018";"Data Mining and Knowledge Discovery";"10.1007/s10618-017-0537-7";1;1;1;1;0;"NUCLEO_PROVAVEL";"RS + territorial + frugalidade + marketing";"";"";"";"";""
"An automatic user grouping model for a group recommender system in location-based social networks";"Khazaei, Elahe and Alimohammadi, Abbas";"2018";"ISPRS International Journal of Geo-Information";"10.3390/ijgi7020067";1;1;1;0;0;"NUCLEO_PROVAVEL";"RS + territorial + frugalidade";"";"";"";"";""
"SEP-GCN: Leveraging Similar Edge Pairs with Temporal and Spatial Contexts for Location-Based Recommender Systems";"Nguyen, Tan Loc and Tran, Tin T.";"2025";"ICTIR 2025 - Proceedings of the 2025 International ACM SIGIR Conference on Innovative Concepts and Theories in Information Retrieval";"10.1145/3731120.3744576";1;1;0;0;0;"APOIO_PROVAVEL";"RS + territorial";"";"";"";"";""
"Location recommendation in location-based social networks using user check-in data";"Wang, Hao and Terrovitis, Manolis and Mamoulis, Nikos";"2013";"GIS: Proceedings of the ACM International Symposium on Advances in Geographic Information Systems";"10.1145/2525314.2525357";1;1;0;0;0;"APOIO_PROVAVEL";"RS + territorial";"";"";"";"";""
"A Novel Hybrid Recommendation System for Riyadh Restaurants: Integrating Content-Based and Context-Aware Techniques";"Rohilla, Vinita and Kaur, Mandeep and Chakraborty, Sudeshna";"2024";"2024 4th International Conference on Advancement in Electronics and Communication Engineering, AECE 2024";"10.1109/AECE62803.2024.10911284";1;1;0;1;1;"EXCLUSAO_PROVAVEL";"domínio aplicado periférico ao foco do ensaio";"";"";"";"";""
"Social platform based interval valued intuitionistic fuzzy location recommendation system";"Oner, Sultan Ceren and Oztaysi, Ba<c5><9f>ar and Oner, Mahir";"2020";"Journal of Intelligent and Fuzzy Systems";"10.3233/JIFS-179466";1;1;0;1;0;"NUCLEO_PROVAVEL";"RS + territorial + marketing";"";"";"";"";""
"Toward a New Similarity Measure Based on Combining Tourist Check-ins and Their Trip Path for a Point-Of-Interest Recommendations in a LBSN";"Bettache, Djelloul and Dennouni, Nassim";"2025";"International Journal of Computing and Digital Systems";"10.12785/ijcds/1571111340";1;1;0;0;1;"EXCLUSAO_PROVAVEL";"domínio aplicado periférico ao foco do ensaio";"";"";"";"";""
"A Novel Group Recommendation Model With Two-Stage Deep Learning";"Huang, Zhenhua and Liu, Yajun and Zhan, Choujun and Lin, Chen and Cai, Weiwei and Chen, Yunwen";"2022";"IEEE Transactions on Systems, Man, and Cybernetics: Systems";"10.1109/TSMC.2021.3131349";1;1;0;0;0;"APOIO_PROVAVEL";"RS + territorial";"";"";"";"";""
"Joint Spatio-Temporal Modeling and Generative Adversarial Network for Point-of-Interest Recommendation";"Xu, Pengtao and Liu, Jian and Wu, Lianhui";"2024";"Proceedings - 2024 International Conference on Electronics and Devices, Computational Science, ICEDCS 2024";"10.1109/ICEDCS64328.2024.00032";1;1;0;0;0;"APOIO_PROVAVEL";"RS + territorial";"";"";"";"";""
"Beyond choice architecture: toward understanding the role of the decoy effect in sustainable tourism recommender systems";"Chvirova, Diana and Keller, Robert and St<c3><b6>be, Lotta and Wolf, Linda";"2026";"Information Technology and Tourism";"10.1007/s40558-025-00347-x";1;1;1;0;1;"EXCLUSAO_PROVAVEL";"domínio aplicado periférico ao foco do ensaio";"";"";"";"";""
"MusicLynx: Exploring Music Through Artist Similarity Graphs";"Allik, Alo and Thalmann, Florian and Sandler, Mark";"2018";"The Web Conference 2018 - Companion of the World Wide Web Conference, WWW 2018";"10.1145/3184558.3186970";1;1;0;0;1;"EXCLUSAO_PROVAVEL";"domínio aplicado periférico ao foco do ensaio";"";"";"";"";""
"Personalized service recommendation for smart hotels based on knowledge graph embeddings";"Yang, Yilin";"2025";"Proceedings of SPIE - The International Society for Optical Engineering";"10.1117/12.3073808";1;1;1;0;1;"EXCLUSAO_PROVAVEL";"domínio aplicado periférico ao foco do ensaio";"";"";"";"";""
"Visualizing the impact of content-based similarity and spatial distance on book recommendations";"Knoch, S<c3><b6>nke and Kr<c3><b6>ner, Alexander";"2011";"Proceedings of the IADIS International Conference Interfaces and Human Computer Interaction 2011, Part of the IADIS Multi Conference on Computer Science and Information Systems 2011, MCCSIS 2011";NA;1;1;0;1;1;"EXCLUSAO_PROVAVEL";"domínio aplicado periférico ao foco do ensaio";"";"";"";"";""
"A Place Recommendation Approach Using Word Embeddings in Conceptual Spaces";"Abbasi, Omid R. and Alesheikh, Ali A.";"2023";"IEEE Access";"10.1109/ACCESS.2023.3241806";1;1;0;0;0;"APOIO_PROVAVEL";"RS + territorial";"";"";"";"";""
"OneLoc: Geo-Aware Generative Recommender Systems for Local Life Service";"Wei, Zhipeng and Cai, Kuo and She, Junda and Chen, Jie and Chen, Minghao and Zeng, Yang and Luo, Qiang and Zeng, Wencong and Tang, Ruiming and Gai, Kun and Zhou, Guorui";"2026";"WSDM 2026 - Proceedings of the 19th ACM International Conference on Web Search and Data Mining";"10.1145/3773966.3777963";1;1;0;0;0;"APOIO_PROVAVEL";"RS + territorial";"";"";"";"";""
"Spatially aware recommendations using K-D trees";"Das, Joydeep and Majumder, Subhashis and Gupta, Prosenjit";"2013";"IET Conference Publications";"10.1049/cp.2013.2593";1;1;0;0;0;"APOIO_PROVAVEL";"RS + territorial";"";"";"";"";""
"Enhancing location recommendation through proximity indicators, areal descriptors, and similarity clusters";"Meier, Sebastian";"2017";"Lecture Notes in Geoinformation and Cartography";"10.1007/978-3-319-47289-8_14";1;1;0;0;0;"APOIO_PROVAVEL";"RS + territorial";"";"";"";"";""
"Mining future spatiotemporal events and their sentiment from online news articles for location-aware recommendation system";"Ho, Shen-Shyang and Lieberman, Mike and Wang, Pu and Samet, Hanan";"2012";"Proc. of the 1st ACM SIGSPATIAL Int. Workshop on Mobile Geographic Inf. Systems, MobiGIS 2012 - In Conjunction with the 20th ACM SIGSPATIAL Int. Conf. on Advances in Geographic Inf. Systems, GIS 2012";"10.1145/2442810.2442816";1;1;1;0;0;"NUCLEO_PROVAVEL";"RS + territorial + frugalidade";"";"";"";"";""
"Sindbad: A location-based social networking system";"Sarwat, Mohamed and Bao, Jie and Eldawy, Ahmed and Levandoski, Justin J. and Magdy, Amr and Mokbel, Mohamed F.";"2012";"Proceedings of the ACM SIGMOD International Conference on Management of Data";"10.1145/2213836.2213923";1;1;1;0;0;"NUCLEO_PROVAVEL";"RS + territorial + frugalidade";"";"";"";"";""
"Healthcare Recommender System Based on Medical Specialties, Patient Profiles, and Geospatial Information";"Torres-Ruiz, Miguel and Quintero, Rolando and Guzman, Giovanni and Chui, Kwok Tai";"2023";"Sustainability (Switzerland)";"10.3390/su15010499";1;1;1;0;1;"EXCLUSAO_PROVAVEL";"domínio aplicado periférico ao foco do ensaio";"";"";"";"";""
"Improving neighborhood-based collaborative filtering by a heuristic approach and an adjusted similarity measure";"El Madani El Alami, Yasser and El Habib, Nfaoui and El Beqqali, Omar";"2015";"CEUR Workshop Proceedings";NA;1;0;1;1;0;"APOIO_PROVAVEL";"RS + frugalidade";"";"";"";"";""
"Research on E-Commerce Personalized Recommendation Algorithm Based on User Behavior Data";"Wang, Mei";"2025";"2025 IEEE 3rd International Conference on Control, Electronics and Computer Technology, ICCECT 2025";"10.1109/ICCECT64621.2025.11339632";1;1;1;0;0;"NUCLEO_PROVAVEL";"RS + territorial + frugalidade";"";"";"";"";""
"Marketing energy efficiency: perceived benefits and barriers to home energy efficiency";"Cole, Jennifer C. and McDonald, Jessica B. and Wen, Xinyuan and Kramer, Randall A.";"2018";"Energy Efficiency";"10.1007/s12053-018-9614-z";0;1;1;1;0;"APOIO_PROVAVEL";"territorial + frugalidade";"";"";"";"";""
"Expert knowledge recommendation systems based on conceptual similarity and space mapping";"Gao, Li and Dai, Kun and Gao, Liping and Jin, Tao";"2019";"Expert Systems with Applications";"10.1016/j.eswa.2019.06.013";1;1;1;0;0;"NUCLEO_PROVAVEL";"RS + territorial + frugalidade";"";"";"";"";""
"Community detection of trajectory data for location-based facility recommendation system";"Sabarish, B.A. and Karthi, R. and Kumar, T. Gireesh";"2024";"International Journal of Information and Communication Technology";"10.1504/IJICT.2024.140304";1;1;0;0;0;"APOIO_PROVAVEL";"RS + territorial";"";"";"";"";""
"The affect of Jugaad: Frugal innovation and postcolonial practice in Indiaâ€™s mobile phone ecology";"Rai, Amit S.";"2015";"Environment and Planning D: Society and Space";"10.1177/0263775815598155";0;1;1;1;0;"APOIO_PROVAVEL";"territorial + frugalidade";"";"";"";"";""
"Inferring social strength from spatiotemporal data";"Pham, Huy and Shahabi, Cyrus and Liu, Yan";"2016";"ACM Transactions on Database Systems";"10.1145/2877200";0;1;1;1;0;"APOIO_PROVAVEL";"territorial + frugalidade";"";"";"";"";""
"Toward Holistic Evaluation of Recommender Systems Powered by Generative Models";"Deldjoo, Yashar and Mehta, Nikhil and Sathiamoorthy, Maheswaran and Zhang, Shuai and Castells, Pablo and McAuley, Julian";"2025";"SIGIR 2025 - Proceedings of the 48th International ACM SIGIR Conference on Research and Development in Information Retrieval";"10.1145/3726302.3730354";1;1;0;0;0;"APOIO_PROVAVEL";"RS + territorial";"";"";"";"";""
"Using geographic information systems to support market transformation";"Wirtshafter, Robert M. and Radke, Susan L. and Samiullah, Shahana";"2000";"Proceedings ACEEE Summer Study on Energy Efficiency in Buildings";NA;0;1;1;1;0;"APOIO_PROVAVEL";"territorial + frugalidade";"";"";"";"";""
"Recommendation system based on statistical analysis of ranking from user";"Kalaivanan, M. and Vengatesan, K.";"2013";"2013 International Conference on Information Communication and Embedded Systems, ICICES 2013";"10.1109/ICICES.2013.6508346";1;1;0;0;0;"APOIO_PROVAVEL";"RS + territorial";"";"";"";"";""
"DeePOF: A hybrid approach of deep convolutional neural network and friendship to Point-of-Interest (POI) recommendation system in location-based social networks";"Safavi, Sadaf and Jalali, Mehrdad";"2022";"Concurrency and Computation: Practice and Experience";"10.1002/cpe.6981";1;1;0;0;0;"APOIO_PROVAVEL";"RS + territorial";"";"";"";"";""
"Joint modeling of users' interests and mobility patterns for point-of-interest recommendation";"Yin, Hongzhi and Cui, Bin and Huang, Zi and Wang, Weiqing and Wu, Xian and Zhou, Xiaofang";"2015";"MM 2015 - Proceedings of the 2015 ACM Multimedia Conference";"10.1145/2733373.2806339";1;1;0;0;0;"APOIO_PROVAVEL";"RS + territorial";"";"";"";"";""
"Prescription Based Recommender System for Diabetic Patients Using Efficient Map Reduce";"Bateja, Ritika and Dubey, Sanjay Kumar and Bhatt, Ashutosh";"2022";"Engineering Journal";"10.4186/ej.2022.26.10.85";1;1;1;0;1;"EXCLUSAO_PROVAVEL";"domínio aplicado periférico ao foco do ensaio";"";"";"";"";""
"TripRec: Recommending trip routes from large scale check-in data";"Hsieh, Hsun-Ping and Li, Cheng-Te and Lin, Shou-De";"2012";"WWW'12 - Proceedings of the 21st Annual Conference on World Wide Web Companion";"10.1145/2187980.2188111";1;1;0;0;0;"APOIO_PROVAVEL";"RS + territorial";"";"";"";"";""
"A two-step personalized location recommendation based on multi-objective immune algorithm";"Geng, Bingrui and Jiao, Licheng and Gong, Maoguo and Li, Lingling and Wu, Yue";"2019";"Information Sciences";"10.1016/j.ins.2018.09.068";1;1;1;1;0;"NUCLEO_PROVAVEL";"RS + territorial + frugalidade + marketing";"";"";"";"";""
"A spatial user similarity measure for geographic recommender systems";"Matyas, Christian and Schlieder, Christoph";"2009";"Lecture Notes in Computer Science (including subseries Lecture Notes in Artificial Intelligence and Lecture Notes in Bioinformatics)";"10.1007/978-3-642-10436-7_8";1;1;0;0;1;"EXCLUSAO_PROVAVEL";"domínio aplicado periférico ao foco do ensaio";"";"";"";"";""
"Exploring temporal and spatial features for next POI recommendation in LBSNs";"Li, Miao and Zheng, Wenguang and Xiao, Yingyuan and Zhu, Ke and Huang, Wei";"2021";"IEEE Access";"10.1109/ACCESS.2021.3061502";1;1;1;0;0;"NUCLEO_PROVAVEL";"RS + territorial + frugalidade";"";"";"";"";""
"A systematic literature review of recent advances on context-aware recommender systems";"Mateos, Pablo and Bellog<c3><ad>n, Alejandro";"2025";"Artificial Intelligence Review";"10.1007/s10462-024-10939-4";1;1;0;0;0;"APOIO_PROVAVEL";"RS + territorial";"";"";"";"";""
"Time and location-based hybrid recommendation system";"Tong, Junyu and Ma, Hongyuan and Liu, Wei and Wang, Bo";"2017";"2017 IEEE 2nd International Conference on Big Data Analysis, ICBDA 2017";"10.1109/ICBDA.2017.8078721";1;1;1;1;0;"NUCLEO_PROVAVEL";"RS + territorial + frugalidade + marketing";"";"";"";"";""
"A personalized geographic-based diffusion model for location recommendations in LBSN";"Nunes, Iury and Marinho, Leandro";"2014";"Proceedings - 9th Latin American Web Congress, LA-WEB 2014";"10.1109/LAWeb.2014.22";1;1;0;0;0;"APOIO_PROVAVEL";"RS + territorial";"";"";"";"";""
"Collaborative spatial object recommendation in location based services";"Gupta, Gaurav and Lee, Wang-Chien";"2010";"Proceedings of the International Conference on Parallel Processing Workshops";"10.1109/ICPPW.2010.16";1;1;0;0;1;"EXCLUSAO_PROVAVEL";"domínio aplicado periférico ao foco do ensaio";"";"";"";"";""
"Location-based social network recommendations with computational intelligence-based similarity computation and user check-in behavior";"Elangovan, Rajalakshmi and Vairavasundaram, Subramaniyaswamy and Varadarajan, Vijayakumar and Ravi, Logesh";"2021";"Concurrency and Computation: Practice and Experience";"10.1002/cpe.6106";1;1;0;0;0;"APOIO_PROVAVEL";"RS + territorial";"";"";"";"";""
"A location-sentiment-aware recommender system for both home-town and out-of-town users";"Wang, Hao and Fu, Yanmei and Wang, Qinyong and Yin, Hongzhi and Du, Changying and Xiong, Hui";"2017";"Proceedings of the ACM SIGKDD International Conference on Knowledge Discovery and Data Mining";"10.1145/3097983.3098122";1;1;0;0;0;"APOIO_PROVAVEL";"RS + territorial";"";"";"";"";""
"Handling shape variations in geographical distance rankings for local news recommendation";"Ingvaldsen, Jon Espen and Ahlers, Dirk";"2015";"ACM International Conference Proceeding Series";"10.1145/2837689.2837702";1;1;0;0;0;"APOIO_PROVAVEL";"RS + territorial";"";"";"";"";""
"The anatomy of Sindbad: A location-aware social networking system";"Sarwat, Mohamed and Bao, Jie and Eldawy, Ahmed and Levandoski, Justin J. and Magdy, Amr and Mokbel, Mohamed F.";"2012";"Proceedings of the 5th ACM SIGSPATIAL International Workshop on Location-Based Social Networks, LBSN 2012 - Held in Conjunction with ACM SIGSPATIAL GIS 2012";"10.1145/2442796.2442798";1;1;1;0;0;"NUCLEO_PROVAVEL";"RS + territorial + frugalidade";"";"";"";"";""
"Trust-Enhanced Collaborative Filtering for Personalized Point of Interests Recommendation";"Wang, Wei and Chen, Junyang and Wang, Jinzhong and Chen, Junxin and Liu, Jinquan and Gong, Zhiguo";"2020";"IEEE Transactions on Industrial Informatics";"10.1109/TII.2019.2958696";1;1;0;0;0;"APOIO_PROVAVEL";"RS + territorial";"";"";"";"";""
"Approximate Nearest Neighbor Query Processing on High Dimensional Data with a Learned Index";"Chen, Pin-Rui and Liu, Chuan-Ming";"2025";"Digest of Technical Papers - IEEE International Conference on Consumer Electronics";"10.1109/ICCE63647.2025.10930213";1;1;0;1;0;"NUCLEO_PROVAVEL";"RS + territorial + marketing";"";"";"";"";""
"Collaborative filtering by graph convolution network in location-based recommendation system";"Tran, Tin T. and Snasel, Vaclav and Nguyen, Thuan Q.";"2024";"KSII Transactions on Internet and Information Systems";"10.3837/tiis.2024.07.008";1;1;0;0;0;"APOIO_PROVAVEL";"RS + territorial";"";"";"";"";""
